{
  "versionKey": 1,
  "deviceInformation": [
    {
      "title": "Product Information",
      "id": 1,
      "description": "Write information about product"
    },
    {
      "title": "Test Strip Information",
      "id": 2,
      "description": "Write information about Testing strip"
    },
    {
      "title": "MotorInformation",
      "id": 3,
      "description": "Write information about Motor "
    },
    {
      "title": "Position Sensor Information",
      "id": 4,
      "description": "Write information about Position Sensor"
    },
    {
      "title": "LED Information ",
      "id": 5,
      "description": "Write information about LED"
    },
    {
      "title": "Test Strip Information",
      "id": 6,
      "description": "Write information about Test Strip"
    }
  ],
  "modifiedDate": "2018/11/22",
  "spectrumDisplayRegionInPixel": [
    300,
    1200
  ],
  "spectrumDisplayRegionInWavelength": [
    350,
    1000
  ],
  "baselineRegionInPixel": [
    120,
    380
  ],
  "baselineRegionInWavelength": [
    300,
    350
  ],
  "imageSensor": {
    "ROI": [
      0,
      1280,
      460,
      20
    ],
    "exposureTime": 5000,
    "exposureMinTime": 1,
    "exposureMaxTime": 65535,
    "analogGain": 1,
    "analogGainMinTime": 0,
    "analogGainMaxTime": 8,
    "digitalGain": 1,
    "digitalGainMinValue": 0,
    "digitalGainMaxValue": 7.31,
    "noOfAverage": 1,
    "noOfAverageMin": 1,
    "noOfAverageMax": 800,
    "noOfAverageForDarkSpectrum": 1,
    "noOfAverageMinForDarkSpectrum": 1,
    "noOfAverageMaxForDarkSpectrum": 800
  },
  "wifiDetails": {
    "ssid": "Spectrometer",
    "password": "12345678",
    "iPAddress": "192.168.4.1",
    "port": 333
  },
  	"wavelengthCalibration": {
       		"noOfCoefficients": 3,
       		"coefficients": [
       			62.18635,
       			1.1625,
       			-0.00057684,
       			2.83827e-7
       		]
  },
  "stripMeasurment": {
    "stepDistanceInMM": 50.9126,
    "stepCountForOppositeDirection": 6,
    "extraStepCountForEject": 300,
    "measureItems": [
      {
        "testName": "positionSensorToSpectrometer",
        "distance": 15.34,
        "distanceUnit": "mm",
        "steps": 781
      },
      {
        "testName": "stripHolderToStrip",
        "distance": 4.5,
        "distanceUnit": "mm",
        "steps": 229
      },
      {
        "testName": "LEUKOCYTES",
        "distance": 2.5,
        "distanceUnit": "mm",
        "steps": 127
      },
      {
        "testName": "Nitrite",
        "distance": 10.5,
        "distanceUnit": "mm",
        "steps": 535
      },
      {
        "testName": "Urobilinogen",
        "distance": 18.5,
        "distanceUnit": "mm",
        "steps": 942
      },
      {
        "testName": "Protein",
        "distance": 25.5,
        "distanceUnit": "mm",
        "steps": 1299
      },
      {
        "testName": "PH",
        "distance": 33.5,
        "distanceUnit": "mm",
        "steps": 1706
      },
      {
        "testName": "Occult Blood",
        "distance": 41,
        "distanceUnit": "mm",
        "steps": 2088
      },
      {
        "testName": "Specific Gravity",
        "distance": 48.5,
        "distanceUnit": "mm",
        "steps": 2470
      },
      {
        "testName": "Ketone",
        "distance": 56,
        "distanceUnit": "mm",
        "steps": 2852
      },
      {
        "testName": "Bilirubin",
        "distance": 63,
        "distanceUnit": "mm",
        "steps": 3209
      },
      {
        "testName": "Glucose",
        "distance": 71,
        "distanceUnit": "mm",
        "steps": 3616
      },
      {
        "testName": "S.W.",
        "distance": 80,
        "distanceUnit": "mm",
        "steps": 4074
      }
    ]
  },
  "stripControl": {
    "distanceFromPostionSensorToSpectroMeterInMM": 0,
    "distanceFromHolderEdgeTo1STStripInMM": 0,
    "distancePerStepInMM": 0,
    "steps": [
      {
        "stripIndex": 1,
        "testName": "LEUKOCYTES",
        "noOfSteps": 0,
        "distanceInMM": 0,
        "direction": "",
        "dwellTimeInSec": 2,
        "standardWhiteIndex": 0,
        "noOfAverage": 15
      },
      {
        "stripIndex": 2,
        "testName": "Nitrite",
        "noOfSteps": 0,
        "distanceInMM": 0,
        "direction": "",
        "dwellTimeInSec": 2,
        "standardWhiteIndex": 0,
        "noOfAverage": 15
      },
      {
        "stripIndex": 3,
        "testName": "Urobilinogen",
        "noOfSteps": 0,
        "distanceInMM": 0,
        "direction": "",
        "dwellTimeInSec": 2,
        "standardWhiteIndex": 0,
        "noOfAverage": 15
      },
      {
        "stripIndex": 4,
        "testName": "Protein",
        "noOfSteps": 0,
        "distanceInMM": 0,
        "direction": "",
        "dwellTimeInSec": 2,
        "standardWhiteIndex": 0,
        "noOfAverage": 15
      },
      {
        "stripIndex": 5,
        "noOfSteps": 0,
        "testName": "PH",
        "distanceInMM": 0,
        "direction": "",
        "dwellTimeInSec": 2,
        "standardWhiteIndex": 0,
        "noOfAverage": 15
      },
      {
        "stripIndex": 6,
        "noOfSteps": 0,
        "testName": "Occult Blood",
        "distanceInMM": 0,
        "direction": "",
        "dwellTimeInSec": 2,
        "standardWhiteIndex": 0,
        "noOfAverage": 15
      },
      {
        "stripIndex": 7,
        "noOfSteps": 0,
        "testName": "Specific Gravity",
        "distanceInMM": 0,
        "direction": "",
        "dwellTimeInSec": 2,
        "standardWhiteIndex": 0,
        "noOfAverage": 15
      },
      {
        "stripIndex": 8,
        "noOfSteps": 0,
        "testName": "Ketone",
        "distanceInMM": 0,
        "direction": "",
        "dwellTimeInSec": 2,
        "standardWhiteIndex": 0,
        "noOfAverage": 15
      },
      {
        "stripIndex": 9,
        "noOfSteps": 0,
        "testName": "Bilirubin",
        "distanceInMM": 0,
        "direction": "",
        "dwellTimeInSec": 2,
        "standardWhiteIndex": 0,
        "noOfAverage": 15
      },
      {
        "stripIndex": 10,
        "noOfSteps": 0,
        "testName": "Glucose",
        "distanceInMM": 0,
        "direction": "",
        "dwellTimeInSec": 2,
        "standardWhiteIndex": 0,
        "noOfAverage": 15
      },
      {
        "stripIndex": 11,
        "noOfSteps": 0,
        "testName": "S.W.",
        "distanceInMM": 0,
        "direction": "",
        "dwellTimeInSec": 2,
        "standardWhiteIndex": 1,
        "noOfAverage": 15
      },
      {
        "stripIndex": 12,
        "testName": "Eject",
        "noOfSteps": 0,
        "distanceInMM": 0,
        "direction": "",
        "dwellTimeInSec": 0,
        "standardWhiteIndex": 0,
        "noOfAverage": 0
      }
    ]
  },
  "RCTable": [
    {
      "stripIndex": 1,
      "testItem": "LEUKOCYTES",
      "criticalwavelength": 463.9,
      "unit": "Leu/ul",
      "referenceRange": "<15",
      "numberFormat": "X",
      "limitLineRanges": [
        {
          "sno": 1,
          "lineSymbol": "+/-",
          "CMinValue": 0,
          "CMaxValue": 15,
          "rMinValue": 0,
          "rMaxValue": 49
        },
        {
          "sno": 2,
          "lineSymbol": "+",
          "CMinValue": 15,
          "CMaxValue": 70,
          "rMinValue": 0,
          "rMaxValue": 32
        },
        {
          "sno": 3,
          "lineSymbol": "++",
          "CMinValue": 70,
          "CMaxValue": 125,
          "rMinValue": 0,
          "rMaxValue": 23
        },
        {
          "sno": 4,
          "lineSymbol": "+++",
          "CMinValue": 125,
          "CMaxValue": 500,
          "rMinValue": 0,
          "rMaxValue": 13
        }
      ],
      "R": [
        0,
        0.01,
        0.02,
        0.03,
        0.04,
        0.05,
        0.06,
        0.07,
        0.08,
        0.09,
        0.1,
        0.11,
        0.12,
        0.13,
        0.14,
        0.15,
        0.16,
        0.17,
        0.18,
        0.19,
        0.2,
        0.21,
        0.22,
        0.23,
        0.24,
        0.25,
        0.26,
        0.27,
        0.28,
        0.29,
        0.3,
        0.31,
        0.32,
        0.33,
        0.34,
        0.35,
        0.36,
        0.37,
        0.38,
        0.39,
        0.4,
        0.41,
        0.42,
        0.43,
        0.44,
        0.45,
        0.46,
        0.47,
        0.48,
        0.49,
        0.5,
        0.51,
        0.52,
        0.53,
        0.54,
        0.55,
        0.56,
        0.57,
        0.58,
        0.59,
        0.6,
        0.61,
        0.62,
        0.63,
        0.64,
        0.65,
        0.66,
        0.67,
        0.68,
        0.69,
        0.7,
        0.71,
        0.72,
        0.73,
        0.74,
        0.75,
        0.76,
        0.77,
        0.78,
        0.79,
        0.8,
        0.81,
        0.82,
        0.83,
        0.84,
        0.85,
        0.86,
        0.87,
        0.88,
        0.89,
        0.9,
        0.91,
        0.92,
        0.93,
        0.94,
        0.95,
        0.96,
        0.97,
        0.98,
        0.99,
        1
      ],
      "C": [
        700,
        684.2338267,
        668.4676535,
        652.7014802,
        636.9353069,
        621.1691336,
        605.4029604,
        589.6367871,
        573.8706138,
        558.1044406,
        542.3382673,
        526.572094,
        510.8059207,
        495.0397475,
        479.2735742,
        463.5074009,
        447.7412277,
        431.9750544,
        416.2088811,
        401.7650434,
        321.6949249,
        191.7499157,
        131.7355787,
        114.2795623,
        104.7605785,
        98.20474251,
        92.3684354,
        87.26622089,
        82.80720568,
        78.90049641,
        75.45519977,
        72.38042242,
        69.58527102,
        66.97885225,
        64.47027277,
        61.96863926,
        59.38305837,
        56.62263679,
        53.59648117,
        50.21369819,
        46.58371217,
        42.92503885,
        39.23960531,
        35.52859701,
        31.79319941,
        28.03459798,
        24.25397818,
        20.45252548,
        16.63142533,
        12.79186321,
        12.2731498,
        12.0276868,
        11.78222381,
        11.53676081,
        11.29129782,
        11.04583482,
        10.80037182,
        10.55490883,
        10.30944583,
        10.06398284,
        9.81851984,
        9.573056844,
        9.327593848,
        9.082130852,
        8.836667856,
        8.59120486,
        8.345741864,
        8.100278868,
        7.854815872,
        7.609352876,
        7.36388988,
        7.118426884,
        6.872963888,
        6.627500892,
        6.382037896,
        6.1365749,
        5.891111904,
        5.645648908,
        5.400185912,
        5.154722916,
        4.90925992,
        4.663796924,
        4.418333928,
        4.172870932,
        3.927407936,
        3.68194494,
        3.436481944,
        3.191018948,
        2.945555952,
        2.700092956,
        2.45462996,
        2.209166964,
        1.963703968,
        1.718240972,
        1.472777976,
        1.22731498,
        0.981851984,
        0.736388988,
        0.490925992,
        0.245462996,
        0
      ]
    },
    {
      "stripIndex": 2,
      "testItem": "Nitrite",
      "unit": "%",
      "criticalwavelength": 525.9,
      "referenceRange": "<0.5",
      "numberFormat": "X",
      "limitLineRanges": [
        {
          "sno": 1,
          "lineSymbol": "+",
          "CMinValue": 0,
          "CMaxValue": 50,
          "rMinValue": 0,
          "rMaxValue": 38
        },
        {
          "sno": 2,
          "lineSymbol": "++",
          "CMinValue": 50,
          "CMaxValue": 100,
          "rMinValue": 0,
          "rMaxValue": 32
        }
      ],
      "R": [
        0,
        0.01,
        0.02,
        0.03,
        0.04,
        0.05,
        0.06,
        0.07,
        0.08,
        0.09,
        0.1,
        0.11,
        0.12,
        0.13,
        0.14,
        0.15,
        0.16,
        0.17,
        0.18,
        0.19,
        0.2,
        0.21,
        0.22,
        0.23,
        0.24,
        0.25,
        0.26,
        0.27,
        0.28,
        0.29,
        0.3,
        0.31,
        0.32,
        0.33,
        0.34,
        0.35,
        0.36,
        0.37,
        0.38,
        0.39,
        0.4,
        0.41,
        0.42,
        0.43,
        0.44,
        0.45,
        0.46,
        0.47,
        0.48,
        0.49,
        0.5,
        0.51,
        0.52,
        0.53,
        0.54,
        0.55,
        0.56,
        0.57,
        0.58,
        0.59,
        0.6,
        0.61,
        0.62,
        0.63,
        0.64,
        0.65,
        0.66,
        0.67,
        0.68,
        0.69,
        0.7,
        0.71,
        0.72,
        0.73,
        0.74,
        0.75,
        0.76,
        0.77,
        0.78,
        0.79,
        0.8,
        0.81,
        0.82,
        0.83,
        0.84,
        0.85,
        0.86,
        0.87,
        0.88,
        0.89,
        0.9,
        0.91,
        0.92,
        0.93,
        0.94,
        0.95,
        0.96,
        0.97,
        0.98,
        0.99,
        1
      ],
      "C": [
        1338.618915,
        1258.097953,
        1181.294135,
        1108.09199,
        1038.377841,
        972.0398102,
        908.9678149,
        849.0535711,
        792.1905911,
        738.2741846,
        687.2014583,
        638.871316,
        593.1844587,
        550.0433842,
        509.3523878,
        471.0175614,
        434.9467946,
        401.0497735,
        369.2379817,
        339.4246997,
        311.5250051,
        285.4557728,
        261.1356745,
        238.4851792,
        217.4265528,
        197.8838586,
        179.7829567,
        163.0515044,
        147.6189562,
        133.4165634,
        120.3773748,
        108.4362359,
        96.0491236,
        85.68952283,
        84.50234653,
        80.89418319,
        63.09260552,
        51.06527477,
        45.86792614,
        43.01271632,
        39.53840532,
        33.44782894,
        29.55923047,
        27.84080107,
        26.49528003,
        25.44042391,
        24.59398931,
        23.8737328,
        23.19741098,
        22.48278041,
        21.64759769,
        20.6096194,
        19.25214954,
        17.42434631,
        15.34403734,
        13.27519762,
        11.48180215,
        10.22782591,
        9.570643224,
        9.051325196,
        8.621851926,
        8.266074152,
        7.96784261,
        7.711008038,
        7.479421174,
        7.256932754,
        7.027393516,
        6.774654198,
        6.482565537,
        6.13497827,
        5.715743135,
        5.208710869,
        4.509336435,
        3.437896345,
        2.288100856,
        2.386185536,
        2.290738114,
        2.195290693,
        2.099843272,
        2.00439585,
        1.908948429,
        1.813501007,
        1.718053586,
        1.622606164,
        1.527158743,
        1.431711321,
        1.3362639,
        1.240816479,
        1.145369057,
        1.049921636,
        0.954474214,
        0.859026793,
        0.763579371,
        0.66813195,
        0.572684529,
        0.477237107,
        0.381789686,
        0.286342264,
        0.190894843,
        0.095447421,
        -1.77636e-15
      ]
    },
    {
      "stripIndex": 3,
      "testItem": "Urobilinogen",
      "unit": "mg/dl",
      "criticalwavelength": 576.64,
      "referenceRange": "<1.0",
      "numberFormat": "X",
      "limitLineRanges": [
        {
          "sno": 1,
          "lineSymbol": "1",
          "CMinValue": 0,
          "CMaxValue": 1,
          "rMinValue": 0,
          "rMaxValue": 70
        },
        {
          "sno": 2,
          "lineSymbol": "2",
          "CMinValue": 1,
          "CMaxValue": 2,
          "rMinValue": 0,
          "rMaxValue": 53
        },
        {
          "sno": 3,
          "lineSymbol": "4",
          "CMinValue": 2,
          "CMaxValue": 4,
          "rMinValue": 0,
          "rMaxValue": 39
        },
        {
          "sno": 4,
          "lineSymbol": "6",
          "CMinValue": 4,
          "CMaxValue": 6,
          "rMinValue": 0,
          "rMaxValue": 34
        },
        {
          "sno": 5,
          "lineSymbol": "8",
          "CMinValue": 6,
          "CMaxValue": 8,
          "rMinValue": 0,
          "rMaxValue": 29
        },
        {
          "sno": 6,
          "lineSymbol": "12",
          "CMinValue": 8,
          "CMaxValue": 12,
          "rMinValue": 0,
          "rMaxValue": 19
        }
      ],
      "R": [
        0,
        0.01,
        0.02,
        0.03,
        0.04,
        0.05,
        0.06,
        0.07,
        0.08,
        0.09,
        0.1,
        0.11,
        0.12,
        0.13,
        0.14,
        0.15,
        0.16,
        0.17,
        0.18,
        0.19,
        0.2,
        0.21,
        0.22,
        0.23,
        0.24,
        0.25,
        0.26,
        0.27,
        0.28,
        0.29,
        0.3,
        0.31,
        0.32,
        0.33,
        0.34,
        0.35,
        0.36,
        0.37,
        0.38,
        0.39,
        0.4,
        0.41,
        0.42,
        0.43,
        0.44,
        0.45,
        0.46,
        0.47,
        0.48,
        0.49,
        0.5,
        0.51,
        0.52,
        0.53,
        0.54,
        0.55,
        0.56,
        0.57,
        0.58,
        0.59,
        0.6,
        0.61,
        0.62,
        0.63,
        0.64,
        0.65,
        0.66,
        0.67,
        0.68,
        0.69,
        0.7,
        0.71,
        0.72,
        0.73,
        0.74,
        0.75,
        0.76,
        0.77,
        0.78,
        0.79,
        0.8,
        0.81,
        0.82,
        0.83,
        0.84,
        0.85,
        0.86,
        0.87,
        0.88,
        0.89,
        0.9,
        0.91,
        0.92,
        0.93,
        0.94,
        0.95,
        0.96,
        0.97,
        0.98,
        0.99,
        1
      ],
      "C": [
        19.43824905,
        19.03141133,
        18.62457361,
        18.21773589,
        17.81089817,
        17.40406044,
        16.99722272,
        16.590385,
        16.18354728,
        15.77670956,
        15.36987184,
        14.96303411,
        14.55619639,
        14.14935867,
        13.74252095,
        13.33568323,
        12.92884551,
        12.52200778,
        12.11517006,
        11.70833234,
        11.30149462,
        10.8946569,
        10.48781918,
        10.08098146,
        9.674143734,
        9.267306012,
        8.860468291,
        8.453630569,
        8.046792847,
        7.639955126,
        7.233117404,
        6.826279683,
        6.419441961,
        6.01277743,
        5.60235635,
        5.195688663,
        4.792155953,
        4.368505831,
        4.061629635,
        3.836034298,
        3.650121515,
        3.486479396,
        3.342517443,
        3.211938032,
        3.0879369,
        2.964327391,
        2.845740013,
        2.732372131,
        2.620972834,
        2.508291213,
        2.391042381,
        2.261755846,
        2.124373446,
        1.990208077,
        1.870572636,
        1.775651259,
        1.693625836,
        1.617681715,
        1.547268415,
        1.481835459,
        1.420832367,
        1.36370866,
        1.30991386,
        1.258897487,
        1.210109062,
        1.163901081,
        1.121648942,
        1.082841108,
        1.046900484,
        1.013249976,
        0.98131249,
        0.950510931,
        0.920268206,
        0.890007219,
        0.859150876,
        0.827122083,
        0.793343745,
        0.757238768,
        0.718230059,
        0.675740521,
        0.629193062,
        0.575645104,
        0.500637604,
        0.416613376,
        0.341659211,
        0.293106516,
        0.257666211,
        0.224865412,
        0.196214094,
        0.17322223,
        0.157399795,
        0.150256762,
        0.136706521,
        0.119618206,
        0.102529891,
        0.085441576,
        0.068353261,
        0.051264945,
        0.03417663,
        0.017088315,
        -2.22e-16
      ]
    },
    {
      "stripIndex": 4,
      "testItem": "Protein",
      "unit": "mg/dl",
      "criticalwavelength": 626.52,
      "referenceRange": "<15",
      "numberFormat": "X.X",
      "limitLineRanges": [
        {
          "sno": 1,
          "lineSymbol": "+/-",
          "CMinValue": 0,
          "CMaxValue": 15,
          "rMinValue": 0,
          "rMaxValue": 82
        },
        {
          "sno": 2,
          "lineSymbol": "+",
          "CMinValue": 15,
          "CMaxValue": 30,
          "rMinValue": 0,
          "rMaxValue": 68
        },
        {
          "sno": 3,
          "lineSymbol": "++",
          "CMinValue": 30,
          "CMaxValue": 100,
          "rMinValue": 0,
          "rMaxValue": 52
        },
        {
          "sno": 4,
          "lineSymbol": "+++",
          "CMinValue": 100,
          "CMaxValue": 300,
          "rMinValue": 0,
          "rMaxValue": 39
        },
        {
          "sno": 5,
          "lineSymbol": "++++",
          "CMinValue": 300,
          "CMaxValue": 1000,
          "rMinValue": 0,
          "rMaxValue": 25
        }
      ],
      "R": [
        0,
        0.01,
        0.02,
        0.03,
        0.04,
        0.05,
        0.06,
        0.07,
        0.08,
        0.09,
        0.1,
        0.11,
        0.12,
        0.13,
        0.14,
        0.15,
        0.16,
        0.17,
        0.18,
        0.19,
        0.2,
        0.21,
        0.22,
        0.23,
        0.24,
        0.25,
        0.26,
        0.27,
        0.28,
        0.29,
        0.3,
        0.31,
        0.32,
        0.33,
        0.34,
        0.35,
        0.36,
        0.37,
        0.38,
        0.39,
        0.4,
        0.41,
        0.42,
        0.43,
        0.44,
        0.45,
        0.46,
        0.47,
        0.48,
        0.49,
        0.5,
        0.51,
        0.52,
        0.53,
        0.54,
        0.55,
        0.56,
        0.57,
        0.58,
        0.59,
        0.6,
        0.61,
        0.62,
        0.63,
        0.64,
        0.65,
        0.66,
        0.67,
        0.68,
        0.69,
        0.7,
        0.71,
        0.72,
        0.73,
        0.74,
        0.75,
        0.76,
        0.77,
        0.78,
        0.79,
        0.8,
        0.81,
        0.82,
        0.83,
        0.84,
        0.85,
        0.86,
        0.87,
        0.88,
        0.89,
        0.9,
        0.91,
        0.92,
        0.93,
        0.94,
        0.95,
        0.96,
        0.97,
        0.98,
        0.99,
        1
    ],
    "C": [
        1816.116046,
        1671.249587,
        1537.938718,
        1415.261681,
        1302.370245,
        1198.483841,
        1102.884163,
        1014.910201,
        933.9536746,
        859.4548221,
        790.8985331,
        727.8107861,
        669.7553708,
        616.3308724,
        567.1678957,
        521.9265111,
        480.2939042,
        441.9822131,
        406.7265376,
        374.2831079,
        344.4275992,
        316.9535803,
        291.6710865,
        268.4053059,
        246.9953711,
        227.2932464,
        209.1627047,
        192.4783852,
        177.1249269,
        162.9961707,
        149.9944255,
        138.0297929,
        127.0195453,
        116.8875542,
        107.5637634,
        98.98370513,
        91.08805393,
        83.82221658,
        77.13595459,
        70.98303688,
        65.32092008,
        60.11045437,
        55.31561284,
        50.90324229,
        46.84283411,
        43.10631325,
        39.66784413,
        36.503652,
        33.59185855,
        30.91233067,
        28.44654117,
        26.17744075,
        24.08934007,
        22.16780131,
        20.39953827,
        18.77232459,
        17.27490917,
        15.89693835,
        14.62888438,
        13.4619795,
        12.38815533,
        11.39998709,
        10.49064225,
        9.653833285,
        8.883774211,
        8.175140579,
        7.523032654,
        6.922941541,
        6.370718005,
        5.862543784,
        5.394905189,
        4.964568806,
        4.568559144,
        4.204138056,
        3.868785812,
        3.560183671,
        3.276197853,
        3.014864783,
        2.774377516,
        2.553073241,
        2.349421783,
        2.162015029,
        1.989557183,
        1.830855814,
        1.684813605,
        1.550420772,
        1.426748077,
        1.312940404,
        1.208210848,
        1.111835274,
        1.023147307,
        0.94153373,
        0.866430238,
        0.79731754,
        0.733717766,
        0.675191168,
        0.621333071,
        0.571771083,
        0.526162515,
        0.484192014,
        4.46E-01
    ]
    },
    {
      "stripIndex": 5,
      "testItem": "PH",
      "unit": "",
      "criticalwavelength": 624.97,
      "referenceRange": "5.0~7.5",
      "numberFormat": "X.X",
      "limitLineRanges": [
        {
          "sno": 1,
          "lineSymbol": "6",
          "CMinValue": 5,
          "CMaxValue": 6,
          "rMinValue": 0,
          "rMaxValue": 34
        },
        {
          "sno": 2,
          "lineSymbol": "6.5",
          "CMinValue": 6,
          "CMaxValue": 6.5,
          "rMinValue": 0,
          "rMaxValue": 29
        },
        {
          "sno": 3,
          "lineSymbol": "7",
          "CMinValue": 6.5,
          "CMaxValue": 7,
          "rMinValue": 0,
          "rMaxValue": 28
        },
        {
          "sno": 4,
          "lineSymbol": "7.5",
          "CMinValue": 7,
          "CMaxValue": 7.5,
          "rMinValue": 0,
          "rMaxValue": 26
        },
        {
          "sno": 5,
          "lineSymbol": "8.0",
          "CMinValue": 7.5,
          "CMaxValue": 8,
          "rMinValue": 0,
          "rMaxValue": 25
        },
        {
          "sno": 6,
          "lineSymbol": "8.5",
          "CMinValue": 8,
          "CMaxValue": 8.5,
          "rMinValue": 0,
          "rMaxValue": 17
        },
        {
          "sno": 7,
          "lineSymbol": "9.0",
          "CMinValue": 8,
          "CMaxValue": 9,
          "rMinValue": 0,
          "rMaxValue": 8
        }
      ],
      "R": [
        0,
        0.01,
        0.02,
        0.03,
        0.04,
        0.05,
        0.06,
        0.07,
        0.08,
        0.09,
        0.1,
        0.11,
        0.12,
        0.13,
        0.14,
        0.15,
        0.16,
        0.17,
        0.18,
        0.19,
        0.2,
        0.21,
        0.22,
        0.23,
        0.24,
        0.25,
        0.26,
        0.27,
        0.28,
        0.29,
        0.3,
        0.31,
        0.32,
        0.33,
        0.34,
        0.35,
        0.36,
        0.37,
        0.38,
        0.39,
        0.4,
        0.41,
        0.42,
        0.43,
        0.44,
        0.45,
        0.46,
        0.47,
        0.48,
        0.49,
        0.5,
        0.51,
        0.52,
        0.53,
        0.54,
        0.55,
        0.56,
        0.57,
        0.58,
        0.59,
        0.6,
        0.61,
        0.62,
        0.63,
        0.64,
        0.65,
        0.66,
        0.67,
        0.68,
        0.69,
        0.7,
        0.71,
        0.72,
        0.73,
        0.74,
        0.75,
        0.76,
        0.77,
        0.78,
        0.79,
        0.8,
        0.81,
        0.82,
        0.83,
        0.84,
        0.85,
        0.86,
        0.87,
        0.88,
        0.89,
        0.9,
        0.91,
        0.92,
        0.93,
        0.94,
        0.95,
        0.96,
        0.97,
        0.98,
        0.99,
        1
      ],
      "C": [
        9.5,
        9.442091384,
        9.384182767,
        9.326274151,
        9.268365534,
        9.210456918,
        9.152548301,
        9.094639685,
        9.036731069,
        8.978822452,
        8.920913836,
        8.863005219,
        8.805096603,
        8.747187987,
        8.68927937,
        8.631370754,
        8.573462137,
        8.515553521,
        8.457644904,
        8.399736288,
        8.341827672,
        8.283919055,
        8.226010439,
        8.168101822,
        8.110193206,
        8.05228459,
        7.93449468,
        7.270595155,
        7.053427284,
        6.954175101,
        6.401870301,
        6.225317132,
        6.126948531,
        6.070207714,
        6.018862463,
        5.951188657,
        5.888270036,
        5.830639228,
        5.776951108,
        5.725860554,
        5.676022442,
        5.626091648,
        5.574644485,
        5.520877149,
        5.466051221,
        5.411639132,
        5.35911331,
        5.309946185,
        5.265610187,
        5.227577746,
        5.197285895,
        5.171822992,
        5.148465575,
        5.127030376,
        5.107334131,
        5.089193575,
        5.072425442,
        5.056846469,
        5.042273388,
        5.028522936,
        5.015411847,
        5.002756856,
        4.990374698,
        4.978082107,
        4.96569582,
        4.953032569,
        4.939909091,
        4.92614212,
        4.911548391,
        4.895944639,
        4.879147599,
        4.860974005,
        4.841240593,
        4.819764097,
        4.796336323,
        4.76954434,
        4.739050105,
        4.705405499,
        4.669162399,
        4.630872687,
        4.591088239,
        4.550360937,
        4.509242659,
        4.468285285,
        4.428040694,
        4.388776176,
        4.346776082,
        4.303029803,
        4.260530142,
        4.222269903,
        4.190871411,
        4.163230945,
        4.138334824,
        4.116761605,
        4.099089844,
        4.08253376,
        4.066027008,
        4.049520256,
        4.033013504,
        4.016506752,
        4
      ]
    },
    {
      "stripIndex": 6,
      "testItem": "Occult Blood",
      "unit": "mg/dl",
      "criticalwavelength": 552.99,
      "referenceRange": "<0.1875",
      "numberFormat": "X.XXXX",
      "limitLineRanges": [
        {
          "sno": 1,
          "lineSymbol": "+/-",
          "CMinValue": 0,
          "CMaxValue": 0.1875,
          "rMinValue": 0,
          "rMaxValue": 20
        },
        {
          "sno": 2,
          "lineSymbol": "+",
          "CMinValue": 0.1875,
          "CMaxValue": 0.375,
          "rMinValue": 0,
          "rMaxValue": 14
        },
        {
          "sno": 3,
          "lineSymbol": "++",
          "CMinValue": 0.375,
          "CMaxValue": 0.75,
          "rMinValue": 0,
          "rMaxValue": 10
        },
        {
          "sno": 4,
          "lineSymbol": "+++",
          "CMinValue": 0.75,
          "CMaxValue": 1.5,
          "rMinValue": 0,
          "rMaxValue": 8
        },
        {
          "sno": 5,
          "lineSymbol": "++++",
          "CMinValue": 1.5,
          "CMaxValue": 3,
          "rMinValue": 0,
          "rMaxValue": 6
        }
      ],
      "R": [
        0,
        0.01,
        0.02,
        0.03,
        0.04,
        0.05,
        0.06,
        0.07,
        0.08,
        0.09,
        0.1,
        0.11,
        0.12,
        0.13,
        0.14,
        0.15,
        0.16,
        0.17,
        0.18,
        0.19,
        0.2,
        0.21,
        0.22,
        0.23,
        0.24,
        0.25,
        0.26,
        0.27,
        0.28,
        0.29,
        0.3,
        0.31,
        0.32,
        0.33,
        0.34,
        0.35,
        0.36,
        0.37,
        0.38,
        0.39,
        0.4,
        0.41,
        0.42,
        0.43,
        0.44,
        0.45,
        0.46,
        0.47,
        0.48,
        0.49,
        0.5,
        0.51,
        0.52,
        0.53,
        0.54,
        0.55,
        0.56,
        0.57,
        0.58,
        0.59,
        0.6,
        0.61,
        0.62,
        0.63,
        0.64,
        0.65,
        0.66,
        0.67,
        0.68,
        0.69,
        0.7,
        0.71,
        0.72,
        0.73,
        0.74,
        0.75,
        0.76,
        0.77,
        0.78,
        0.79,
        0.8,
        0.81,
        0.82,
        0.83,
        0.84,
        0.85,
        0.86,
        0.87,
        0.88,
        0.89,
        0.9,
        0.91,
        0.92,
        0.93,
        0.94,
        0.95,
        0.96,
        0.97,
        0.98,
        0.99,
        1
      ],
      "C": [
        6.467087125,
        5.907668786,
        5.348250447,
        4.788832108,
        4.229413769,
        3.66999543,
        3.11057709,
        2.551158751,
        1.991740412,
        1.432322073,
        0.873082074,
        0.468024753,
        0.421296198,
        0.388256894,
        0.355415799,
        0.326645895,
        0.298759069,
        0.270113188,
        0.241369113,
        0.213001484,
        0.185484942,
        0.159294124,
        0.13490367,
        0.11278822,
        0.093000781,
        0.072857486,
        0.056492185,
        0.049541129,
        0.047052541,
        0.044727364,
        0.042560716,
        0.040547715,
        0.038683479,
        0.036963125,
        0.035381773,
        0.033934539,
        0.032616542,
        0.0314229,
        0.03034873,
        0.029389151,
        0.028539281,
        0.027794237,
        0.027149138,
        0.026599101,
        0.026139245,
        0.025764687,
        0.025470546,
        0.025251938,
        0.025103984,
        0.025021799,
        0.025000503,
        0.024434757,
        0.023936089,
        0.02343742,
        0.022938752,
        0.022440083,
        0.021941415,
        0.021442746,
        0.020944078,
        0.020445409,
        0.019946741,
        0.019448072,
        0.018949404,
        0.018450735,
        0.017952067,
        0.017453398,
        0.01695473,
        0.016456061,
        0.015957393,
        0.015458724,
        0.014960056,
        0.014461387,
        0.013962718,
        0.01346405,
        0.012965381,
        0.012466713,
        0.011968044,
        0.011469376,
        0.010970707,
        0.010472039,
        0.00997337,
        0.009474702,
        0.008976033,
        0.008477365,
        0.007978696,
        0.007480028,
        0.006981359,
        0.006482691,
        0.005984022,
        0.005485354,
        0.004986685,
        0.004488017,
        0.003989348,
        0.00349068,
        0.002992011,
        0.002493343,
        0.001994674,
        0.001496006,
        0.000997337,
        0.000498669,
        0
      ]
    },
    {
      "stripIndex": 7,
      "testItem": "Specific Gravity",
      "unit": "",
      "criticalwavelength": 623.42,
      "referenceRange": "<1.005",
      "numberFormat": "X.XXX",
      "limitLineRanges": [
        {
          "sno": 1,
          "lineSymbol": "1.005",
          "CMinValue": 0,
          "CMaxValue": 1.005,
          "rMinValue": 0,
          "rMaxValue": 73
        },
        {
          "sno": 2,
          "lineSymbol": "1.01",
          "CMinValue": 1.005,
          "CMaxValue": 1.01,
          "rMinValue": 0,
          "rMaxValue": 46
        },
        {
          "sno": 3,
          "lineSymbol": "1.015",
          "CMinValue": 1.01,
          "CMaxValue": 1.015,
          "rMinValue": 0,
          "rMaxValue": 19
        },
        {
          "sno": 4,
          "lineSymbol": "1.020",
          "CMinValue": 1.015,
          "CMaxValue": 1.02,
          "rMinValue": 0,
          "rMaxValue": 0
        },
        {
          "sno": 5,
          "lineSymbol": "1.025",
          "CMinValue": 1.02,
          "CMaxValue": 1.025,
          "rMinValue": 0,
          "rMaxValue": 0
        },
        {
          "sno": 6,
          "lineSymbol": "1.03",
          "CMinValue": 1.025,
          "CMaxValue": 1.03,
          "rMinValue": 0,
          "rMaxValue": 0
        }
      ],
      "R": [
        0,
        0.01,
        0.02,
        0.03,
        0.04,
        0.05,
        0.06,
        0.07,
        0.08,
        0.09,
        0.1,
        0.11,
        0.12,
        0.13,
        0.14,
        0.15,
        0.16,
        0.17,
        0.18,
        0.19,
        0.2,
        0.21,
        0.22,
        0.23,
        0.24,
        0.25,
        0.26,
        0.27,
        0.28,
        0.29,
        0.3,
        0.31,
        0.32,
        0.33,
        0.34,
        0.35,
        0.36,
        0.37,
        0.38,
        0.39,
        0.4,
        0.41,
        0.42,
        0.43,
        0.44,
        0.45,
        0.46,
        0.47,
        0.48,
        0.49,
        0.5,
        0.51,
        0.52,
        0.53,
        0.54,
        0.55,
        0.56,
        0.57,
        0.58,
        0.59,
        0.6,
        0.61,
        0.62,
        0.63,
        0.64,
        0.65,
        0.66,
        0.67,
        0.68,
        0.69,
        0.7,
        0.71,
        0.72,
        0.73,
        0.74,
        0.75,
        0.76,
        0.77,
        0.78,
        0.79,
        0.8,
        0.81,
        0.82,
        0.83,
        0.84,
        0.85,
        0.86,
        0.87,
        0.88,
        0.89,
        0.9,
        0.91,
        0.92,
        0.93,
        0.94,
        0.95,
        0.96,
        0.97,
        0.98,
        0.99,
        1
      ],
      "C": [
        1.018467798,
        1.01828312,
        1.018098442,
        1.017913764,
        1.017729086,
        1.017544408,
        1.01735973,
        1.017175052,
        1.016990374,
        1.016805696,
        1.016621018,
        1.01643634,
        1.016251662,
        1.016066984,
        1.015882306,
        1.015697628,
        1.01551295,
        1.015328272,
        1.015143594,
        1.014958916,
        1.014774238,
        1.01458956,
        1.014404882,
        1.014220204,
        1.014035526,
        1.013850848,
        1.01366617,
        1.013481492,
        1.013296814,
        1.013112136,
        1.012927458,
        1.01274278,
        1.012558102,
        1.012373424,
        1.012188746,
        1.012004068,
        1.01181939,
        1.011634712,
        1.011450034,
        1.011265356,
        1.011080679,
        1.010896001,
        1.010711323,
        1.010526645,
        1.010341967,
        1.010157289,
        1.009972611,
        1.009787933,
        1.009603255,
        1.009418577,
        1.009233899,
        1.009049221,
        1.008864543,
        1.008679865,
        1.008495187,
        1.008310509,
        1.008125831,
        1.007941153,
        1.007756475,
        1.007571797,
        1.007387119,
        1.007202441,
        1.007017763,
        1.006833085,
        1.006648407,
        1.006463729,
        1.006279051,
        1.006094373,
        1.005909695,
        1.005725017,
        1.005540339,
        1.005355661,
        1.005170983,
        1.004986305,
        1.004801627,
        1.004616949,
        1.004432271,
        1.004247593,
        1.004062915,
        1.003878237,
        1.00369356,
        1.003508882,
        1.003324204,
        1.003139526,
        1.002954848,
        1.00277017,
        1.002585492,
        1.002400814,
        1.002216136,
        1.002031458,
        1.00184678,
        1.001662102,
        1.001477424,
        1.001292746,
        1.001108068,
        1.00092339,
        1.000738712,
        1.000554034,
        1.000369356,
        1.000184678,
        1
      ]
    },
    {
      "stripIndex": 8,
      "testItem": "Ketone",
      "unit": "mg/dl",
      "referenceRange": "<5",
      "criticalwavelength": 545.86,
      "numberFormat": "X",
      "limitLineRanges": [
        {
          "sno": 1,
          "lineSymbol": "+/-",
          "CMinValue": 0,
          "CMaxValue": 5,
          "rMinValue": 0,
          "rMaxValue": 65
        },
        {
          "sno": 2,
          "lineSymbol": "+",
          "CMinValue": 5,
          "CMaxValue": 15,
          "rMinValue": 0,
          "rMaxValue": 61
        },
        {
          "sno": 3,
          "lineSymbol": "++",
          "CMinValue": 15,
          "CMaxValue": 40,
          "rMinValue": 0,
          "rMaxValue": 56
        },
        {
          "sno": 4,
          "lineSymbol": "+++",
          "CMinValue": 40,
          "CMaxValue": 80,
          "rMinValue": 0,
          "rMaxValue": 46
        },
        {
          "sno": 5,
          "lineSymbol": "++++",
          "CMinValue": 80,
          "CMaxValue": 100,
          "rMinValue": 0,
          "rMaxValue": 42
        }
      ],
      "R": [
        0,
        0.01,
        0.02,
        0.03,
        0.04,
        0.05,
        0.06,
        0.07,
        0.08,
        0.09,
        0.1,
        0.11,
        0.12,
        0.13,
        0.14,
        0.15,
        0.16,
        0.17,
        0.18,
        0.19,
        0.2,
        0.21,
        0.22,
        0.23,
        0.24,
        0.25,
        0.26,
        0.27,
        0.28,
        0.29,
        0.3,
        0.31,
        0.32,
        0.33,
        0.34,
        0.35,
        0.36,
        0.37,
        0.38,
        0.39,
        0.4,
        0.41,
        0.42,
        0.43,
        0.44,
        0.45,
        0.46,
        0.47,
        0.48,
        0.49,
        0.5,
        0.51,
        0.52,
        0.53,
        0.54,
        0.55,
        0.56,
        0.57,
        0.58,
        0.59,
        0.6,
        0.61,
        0.62,
        0.63,
        0.64,
        0.65,
        0.66,
        0.67,
        0.68,
        0.69,
        0.7,
        0.71,
        0.72,
        0.73,
        0.74,
        0.75,
        0.76,
        0.77,
        0.78,
        0.79,
        0.8,
        0.81,
        0.82,
        0.83,
        0.84,
        0.85,
        0.86,
        0.87,
        0.88,
        0.89,
        0.9,
        0.91,
        0.92,
        0.93,
        0.94,
        0.95,
        0.96,
        0.97,
        0.98,
        0.99,
        1
      ],
      "C": [
        223.9058232,
        221.2104412,
        218.5150593,
        215.8196773,
        213.1242954,
        210.4289134,
        207.7335315,
        205.0381495,
        202.3427676,
        199.6473856,
        196.9520037,
        194.2566217,
        191.5612398,
        188.8658578,
        186.1704759,
        183.475094,
        180.779712,
        178.0843301,
        175.3889481,
        172.6935662,
        169.9981842,
        167.3028023,
        164.6074203,
        161.9120384,
        159.2166564,
        156.5212745,
        153.8258925,
        150.9993602,
        148.5826566,
        146.0528014,
        143.4174193,
        140.684135,
        137.8605732,
        134.9543751,
        132.0223146,
        129.0331449,
        125.8687563,
        122.4110391,
        118.5109878,
        113.8376071,
        108.5709423,
        103.0150573,
        97.47401574,
        92.2518815,
        87.57591605,
        83.1958027,
        78.99407032,
        74.89933874,
        70.93657785,
        67.13021894,
        63.42113777,
        59.75021009,
        56.05831167,
        52.28631824,
        48.37510559,
        44.25697057,
        39.58513532,
        34.3972652,
        28.95967516,
        23.53868017,
        18.40059519,
        13.81173519,
        10.03841512,
        7.344489187,
        5.436838126,
        4.051472347,
        3.674974848,
        3.566887353,
        3.458799857,
        3.350712361,
        3.242624866,
        3.13453737,
        3.026449875,
        2.918362379,
        2.810274884,
        2.702187388,
        2.594099893,
        2.486012397,
        2.377924902,
        2.269837406,
        2.161749911,
        2.053662415,
        1.94557492,
        1.837487424,
        1.729399928,
        1.621312433,
        1.513224937,
        1.405137442,
        1.297049946,
        1.188962451,
        1.080874955,
        0.97278746,
        0.864699964,
        0.756612469,
        0.648524973,
        0.540437478,
        0.432349982,
        0.324262487,
        0.216174991,
        0.108087496,
        1.78e-15
      ]
    },
    {
      "stripIndex": 9,
      "testItem": "Bilirubin",
      "unit": "mg/dl",
      "referenceRange": "<1",
      "criticalwavelength": 549.82,
      "numberFormat": "X",
      "limitLineRanges": [
        {
          "sno": 1,
          "lineSymbol": "+",
          "CMinValue": 0,
          "CMaxValue": 1,
          "rMinValue": 0,
          "rMaxValue": 38
        },
        {
          "sno": 2,
          "lineSymbol": "++",
          "CMinValue": 1,
          "CMaxValue": 2,
          "rMinValue": 0,
          "rMaxValue": 23
        },
        {
          "sno": 3,
          "lineSymbol": "+++",
          "CMinValue": 2,
          "CMaxValue": 4,
          "rMinValue": 0,
          "rMaxValue": 16
        }
      ],
      "R": [
        0,
        0.01,
        0.02,
        0.03,
        0.04,
        0.05,
        0.06,
        0.07,
        0.08,
        0.09,
        0.1,
        0.11,
        0.12,
        0.13,
        0.14,
        0.15,
        0.16,
        0.17,
        0.18,
        0.19,
        0.2,
        0.21,
        0.22,
        0.23,
        0.24,
        0.25,
        0.26,
        0.27,
        0.28,
        0.29,
        0.3,
        0.31,
        0.32,
        0.33,
        0.34,
        0.35,
        0.36,
        0.37,
        0.38,
        0.39,
        0.4,
        0.41,
        0.42,
        0.43,
        0.44,
        0.45,
        0.46,
        0.47,
        0.48,
        0.49,
        0.5,
        0.51,
        0.52,
        0.53,
        0.54,
        0.55,
        0.56,
        0.57,
        0.58,
        0.59,
        0.6,
        0.61,
        0.62,
        0.63,
        0.64,
        0.65,
        0.66,
        0.67,
        0.68,
        0.69,
        0.7,
        0.71,
        0.72,
        0.73,
        0.74,
        0.75,
        0.76,
        0.77,
        0.78,
        0.79,
        0.8,
        0.81,
        0.82,
        0.83,
        0.84,
        0.85,
        0.86,
        0.87,
        0.88,
        0.89,
        0.9,
        0.91,
        0.92,
        0.93,
        0.94,
        0.95,
        0.96,
        0.97,
        0.98,
        0.99,
        1
      ],
      "C": [
        32.14183907,
        29.744933,
        27.34802693,
        24.95112085,
        22.55421478,
        20.15730871,
        17.76040263,
        15.36349656,
        12.96659049,
        10.56380534,
        8.69168312,
        7.861520669,
        6.202252926,
        5.532768768,
        4.874700588,
        4.070102146,
        3.552466483,
        3.158869943,
        2.877600427,
        2.641783318,
        2.437392992,
        2.262913127,
        2.116827402,
        1.997614721,
        1.893998598,
        1.796422649,
        1.704689521,
        1.618601863,
        1.53796232,
        1.462573542,
        1.392238175,
        1.326758866,
        1.265938263,
        1.209579014,
        1.157483767,
        1.109455167,
        1.065295864,
        1.024808504,
        0.987766211,
        0.953590006,
        0.921935672,
        0.892567526,
        0.865249885,
        0.839747067,
        0.815823389,
        0.793243169,
        0.771770723,
        0.75117037,
        0.731206427,
        0.711643211,
        0.69224504,
        0.67277623,
        0.6530011,
        0.632683967,
        0.611589148,
        0.589480961,
        0.566123723,
        0.541281752,
        0.514719364,
        0.486238805,
        0.456026231,
        0.424338917,
        0.391409251,
        0.357469618,
        0.322752403,
        0.287489994,
        0.251914774,
        0.243030912,
        0.235666339,
        0.228301766,
        0.220937193,
        0.21357262,
        0.206208046,
        0.198843473,
        0.1914789,
        0.184114327,
        0.176749754,
        0.169385181,
        0.162020608,
        0.154656035,
        0.147291462,
        0.139926889,
        0.132562316,
        0.125197742,
        0.117833169,
        0.110468596,
        0.103104023,
        0.09573945,
        0.088374877,
        0.081010304,
        0.073645731,
        0.066281158,
        0.058916585,
        0.051552012,
        0.044187439,
        0.036822865,
        0.029458292,
        0.022093719,
        0.014729146,
        0.007364573,
        -1.11022e-16
      ]
    },
    {
      "stripIndex": 10,
      "testItem": "Glucose",
      "unit": "mg/dl",
      "referenceRange": "<100",
      "criticalwavelength": 455.57,
      "numberFormat": "X",
      "limitLineRanges": [
        {
          "sno": 1,
          "lineSymbol": "+/-",
          "CMinValue": 0,
          "CMaxValue": 100,
          "rMinValue": 0,
          "rMaxValue": 45
        },
        {
          "sno": 2,
          "lineSymbol": "+",
          "CMinValue": 100,
          "CMaxValue": 200,
          "rMinValue": 0,
          "rMaxValue": 34
        },
        {
          "sno": 3,
          "lineSymbol": "++",
          "CMinValue": 200,
          "CMaxValue": 500,
          "rMinValue": 0,
          "rMaxValue": 24
        },
        {
          "sno": 4,
          "lineSymbol": "+++",
          "CMinValue": 500,
          "CMaxValue": 1000,
          "rMinValue": 0,
          "rMaxValue": 16
        },
        {
          "sno": 5,
          "lineSymbol": "++++",
          "CMinValue": 1000,
          "CMaxValue": 2000,
          "rMinValue": 0,
          "rMaxValue": 0
        }
      ],
      "R": [
        0,
        0.01,
        0.02,
        0.03,
        0.04,
        0.05,
        0.06,
        0.07,
        0.08,
        0.09,
        0.1,
        0.11,
        0.12,
        0.13,
        0.14,
        0.15,
        0.16,
        0.17,
        0.18,
        0.19,
        0.2,
        0.21,
        0.22,
        0.23,
        0.24,
        0.25,
        0.26,
        0.27,
        0.28,
        0.29,
        0.3,
        0.31,
        0.32,
        0.33,
        0.34,
        0.35,
        0.36,
        0.37,
        0.38,
        0.39,
        0.4,
        0.41,
        0.42,
        0.43,
        0.44,
        0.45,
        0.46,
        0.47,
        0.48,
        0.49,
        0.5,
        0.51,
        0.52,
        0.53,
        0.54,
        0.55,
        0.56,
        0.57,
        0.58,
        0.59,
        0.6,
        0.61,
        0.62,
        0.63,
        0.64,
        0.65,
        0.66,
        0.67,
        0.68,
        0.69,
        0.7,
        0.71,
        0.72,
        0.73,
        0.74,
        0.75,
        0.76,
        0.77,
        0.78,
        0.79,
        0.8,
        0.81,
        0.82,
        0.83,
        0.84,
        0.85,
        0.86,
        0.87,
        0.88,
        0.89,
        0.9,
        0.91,
        0.92,
        0.93,
        0.94,
        0.95,
        0.96,
        0.97,
        0.98,
        0.99,
        1
    ],
    "C": [
        1811.596283,
        1655.659989,
        1513.146183,
        1382.8995,
        1263.864026,
        1155.074737,
        1055.649675,
        964.7827979,
        881.7374446,
        805.8403642,
        736.4762567,
        673.0827851,
        615.1460165,
        562.1962559,
        513.8042377,
        469.5776465,
        429.1579358,
        392.2174219,
        358.4566268,
        327.6018507,
        299.402953,
        273.6313244,
        250.0780334,
        228.5521327,
        208.8791114,
        190.8994794,
        174.4674755,
        159.4498849,
        145.7249594,
        133.1814307,
        121.7176079,
        111.2405537,
        101.66533,
        92.91431032,
        84.91654985,
        77.60721049,
        70.9270352,
        64.82186758,
        59.24221286,
        54.1428366,
        49.482398,
        45.22311474,
        41.33045667,
        37.77286591,
        34.52150094,
        31.55000285,
        28.83428161,
        26.35232079,
        24.08399906,
        22.01092705,
        20.11629832,
        18.38475304,
        16.80225352,
        15.3559704,
        14.0341786,
        12.82616233,
        11.72212815,
        10.71312563,
        9.790974757,
        8.948199617,
        8.17796781,
        7.474035042,
        6.830694508,
        6.242730626,
        5.705376756,
        5.214276553,
        4.765448652,
        4.355254391,
        3.980368313,
        3.637751204,
        3.324625458,
        3.038452553,
        2.776912478,
        2.537884918,
        2.31943207,
        2.119782931,
        1.937318937,
        1.770560848,
        1.618156751,
        1.478871101,
        1.351574705,
        1.235235568,
        1.128910523,
        1.031737591,
        0.942928988,
        0.861764739,
        0.787586844,
        0.71979394,
        0.657836428,
        0.601212016,
        0.549461648,
        0.502165784,
        0.458940993,
        0.41943685,
        0.383333096,
        0.350337034,
        0.320181166,
        0.292621017,
        0.267433155,
        0.244413382,
        2.23E-01
    ]
    }
  ]
}
